Workbook

Sheet Dashboard
A1: 🏢 VENDORAMAN — DASHBOARD RINGKASAN ACARA
A2: ='Budget & Bayar'!B8&" • "&'Budget & Bayar'!E8&" • "&TEXT('Budget & Bayar'!B9,"DD MMMM YYYY")&" • "&'Budget & Bayar'!E9&" tamu"
A4: RINGKASAN KUNCI (KPI)
A5: HARI MENUJU ACARA | F5: BUDGET TERPAKAI | K5: SISA UANG KAMU
A6: ='Jadwal & Rundown'!A5 | F6: ='Budget & Bayar'!G5 | K6: ='Budget & Bayar'!E5
A7: HITUNG MUNDUR OTOMATIS | F7: Dari batas budget maksimal | K7: Batas budget dikurangi realisasi
A9: PERSEN SIAP PERSIAPAN | F9: BARANG SUDAH SIAP | K9: TABUNGAN TERKUMPUL
A10: ='Jadwal & Rundown'!I5 | F10: ='Daftar Barang'!G4 | K10: =Tabungan!E4
A11: Checklist + rundown Hari-H | F11: Dari total barang perlengkapan | K11: Dari target tabungan acara
A13: VISUALISASI & GRAFIK
Q14: STATUS PERSIAPAN (BANTUAN GRAFIK)
Q15: Selesai | R15: ='Jadwal & Rundown'!E5
Q16: Dalam Proses | R16: ='Jadwal & Rundown'!G5
Q17: Belum Mulai | R17: ='Jadwal & Rundown'!C5-'Jadwal & Rundown'!E5-'Jadwal & Rundown'!G5
Q19: DISTRIBUSI STATUS PEMBAYARAN VENDOR (BANTUAN GRAFIK)
Q20: Belum Bayar | R20: =COUNTIF('Budget & Bayar'!$L$15:$L$19,"Belum Bayar")
Q21: DP 30% Terbayar | R21: =COUNTIF('Budget & Bayar'!$L$15:$L$19,"DP 30% Terbayar")
Q22: Mid-Term 40% | R22: =COUNTIF('Budget & Bayar'!$L$15:$L$19,"Mid-Term 40% Terbayar")
Q23: Lunas | R23: =COUNTIF('Budget & Bayar'!$L$15:$L$19,"Lunas")
A50: STATUS PER KATEGORI ANGGARAN
A51: No. | B51: Kategori Pengeluaran | F51: Target Anggaran (Rp) | H51: Realisasi Kontrak (Rp) | J51: Status Efisiensi | L51: Status Pembayaran
A52: ='Budget & Bayar'!A15 | B52: ='Budget & Bayar'!B15 | F52: ='Budget & Bayar'!D15 | H52: ='Budget & Bayar'!F15 | J52: ='Budget & Bayar'!H15 | L52: ='Budget & Bayar'!L15
A53: ='Budget & Bayar'!A16 | B53: ='Budget & Bayar'!B16 | F53: ='Budget & Bayar'!D16 | H53: ='Budget & Bayar'!F16 | J53: ='Budget & Bayar'!H16 | L53: ='Budget & Bayar'!L16
A54: ='Budget & Bayar'!A17 | B54: ='Budget & Bayar'!B17 | F54: ='Budget & Bayar'!D17 | H54: ='Budget & Bayar'!F17 | J54: ='Budget & Bayar'!H17 | L54: ='Budget & Bayar'!L17
A55: ='Budget & Bayar'!A18 | B55: ='Budget & Bayar'!B18 | F55: ='Budget & Bayar'!D18 | H55: ='Budget & Bayar'!F18 | J55: ='Budget & Bayar'!H18 | L55: ='Budget & Bayar'!L18
A56: ='Budget & Bayar'!A19 | B56: ='Budget & Bayar'!B19 | F56: ='Budget & Bayar'!D19 | H56: ='Budget & Bayar'!F19 | J56: ='Budget & Bayar'!H19 | L56: ='Budget & Bayar'!L19

Sheet Budget & Bayar
A1: VENDORAMAN - MASTER FINANCIAL & BUDGET PLANNER: GALA DINNER PERUSAHAAN ABC
A2: LEGENDA: | B2: KOLOM KUNING = INPUT EDITABLE (Bisa Diubah) | E2: KOLOM HIJAU/PUTIH = FORMULA OTOMATIS | H2: STATUS PEMBAYARAN = KLIK DROPDOWN UNTUK MENGUBAH
A4: BATAS BUDGET MAKSIMAL | C4: PERKIRAAN TOTAL BELANJA | E4: SISA UANG KAMU | G4: BUDGET TERPAKAI (%) | I4: BIAYA PER TAMU | K4: SUDAH DIBAYAR | M4: SISA YANG BELUM DIBAYAR
A5: 150000000 | C5: =SUM(F15:F19) | E5: =A5-C5 | G5: =C5/A5 | I5: =ROUND(C5/'Hitung Katering'!$B$12, 0) | K5: =SUM(M15:M19) | M5: =C5-K5
A8: Kategori Acara | B8: Corporate Gathering & Gala | D8: Kota / Lokasi | E8: Jakarta | G8: Status Kurasi | H8: Vetted Partners Only | J8: Proteksi | K8: Garansi Finansial 100%
A9: Tanggal Acara | B9: 46376 | D9: Estimasi Tamu | E9: 300 Pax | G9: Skema Pembayaran | H9: Platform Escrow Bertahap | J9: Metode | K9: Virtual Account & QRIS
A10: Anggaran Min | B10: Rp 50.000.000 | D10: Anggaran Max | E10: =A5 | G10: Sistem Escrow | H10: Tiga Tahap (30-40-30) | J10: Layanan | K10: Dedicated Event Planner
A14: No. | B14: Kategori Pengeluaran | C14: Alokasi Target (%) | D14: Target Anggaran (Rp) | E14: Vendor Rekomendasi / Terpilih | F14: Realisasi Kontrak (Rp) | G14: Selisih / Variance (Rp) | H14: Status Efisiensi | I14: DP 30% (Rp) | J14: Mid-Term 40% (Rp) | K14: Pelunasan 30% (Rp) | L14: Status Pembayaran | M14: Dana Terbayar (Rp) | N14: Sisa Kewajiban (Rp)
A15: 1 | B15: Catering & Jamuan Tamu | C15: 0.4 | D15: =$A$5*C15 | E15: Nusantara Royal Catering | F15: ='Hitung Katering'!B34 | G15: =D15-F15 | H15: =IF(F15=0,"Belum Realisasi",IF(G15>0,"HEMAT " & TEXT(G15,"#,##0"),IF(G15<0,"DEFISIT " & TEXT(ABS(G15),"#,##0"),"SESUAI"))) | I15: =ROUND(F15*0.3, 0) | J15: =ROUND(F15*0.4, 0) | K15: =ROUND(F15*0.3, 0) | L15: DP 30% Terbayar | M15: =IF(L15="Lunas",F15,IF(L15="Mid-Term 40% Terbayar",I15+J15,IF(L15="DP 30% Terbayar",I15,0))) | N15: =F15-M15
A16: 2 | B16: Dekorasi, Pelaminan & Venue | C16: 0.3 | D16: =$A$5*C16 | E16: Kencana Art Decoration | F16: 45000000 | G16: =D16-F16 | H16: =IF(F16=0,"Belum Realisasi",IF(G16>0,"HEMAT " & TEXT(G16,"#,##0"),IF(G16<0,"DEFISIT " & TEXT(ABS(G16),"#,##0"),"SESUAI"))) | I16: =ROUND(F16*0.3, 0) | J16: =ROUND(F16*0.4, 0) | K16: =ROUND(F16*0.3, 0) | L16: Menunggu Konfirmasi | M16: =IF(L16="Lunas",F16,IF(L16="Mid-Term 40% Terbayar",I16+J16,IF(L16="DP 30% Terbayar",I16,0))) | N16: =F16-M16
A17: 3 | B17: Dokumentasi (Foto & Cinematic Video) | C17: 0.12 | D17: =$A$5*C17 | E17: Lumina Visuals Studio | F17: 18000000 | G17: =D17-F17 | H17: =IF(F17=0,"Belum Realisasi",IF(G17>0,"HEMAT " & TEXT(G17,"#,##0"),IF(G17<0,"DEFISIT " & TEXT(ABS(G17),"#,##0"),"SESUAI"))) | I17: =ROUND(F17*0.3, 0) | J17: =ROUND(F17*0.4, 0) | K17: =ROUND(F17*0.3, 0) | L17: Quotation Diterima | M17: =IF(L17="Lunas",F17,IF(L17="Mid-Term 40% Terbayar",I17+J17,IF(L17="DP 30% Terbayar",I17,0))) | N17: =F17-M17
A18: 4 | B18: Sound System, Lighting, MC & Hiburan | C18: 0.13 | D18: =$A$5*C18 | E18: SoundVibe Pro Audio | F18: 19500000 | G18: =D18-F18 | H18: =IF(F18=0,"Belum Realisasi",IF(G18>0,"HEMAT " & TEXT(G18,"#,##0"),IF(G18<0,"DEFISIT " & TEXT(ABS(G18),"#,##0"),"SESUAI"))) | I18: =ROUND(F18*0.3, 0) | J18: =ROUND(F18*0.4, 0) | K18: =ROUND(F18*0.3, 0) | L18: Rekomendasi | M18: =IF(L18="Lunas",F18,IF(L18="Mid-Term 40% Terbayar",I18+J18,IF(L18="DP 30% Terbayar",I18,0))) | N18: =F18-M18
A19: 5 | B19: Dana Cadangan Tak Terduga (Contingency) | C19: 0.05 | D19: =$A$5*C19 | E19: Alokasi Cadangan Mandiri | F19: 0 | G19: =D19-F19 | H19: =IF(F19=0,"Belum Realisasi",IF(G19>0,"HEMAT " & TEXT(G19,"#,##0"),IF(G19<0,"DEFISIT " & TEXT(ABS(G19),"#,##0"),"SESUAI"))) | I19: =ROUND(F19*0.3, 0) | J19: =ROUND(F19*0.4, 0) | K19: =ROUND(F19*0.3, 0) | L19: Belum Bayar | M19: =IF(L19="Lunas",F19,IF(L19="Mid-Term 40% Terbayar",I19+J19,IF(L19="DP 30% Terbayar",I19,0))) | N19: =F19-M19
B20: TOTAL KESELURUHAN | C20: =SUM(C15:C19) | D20: =SUM(D15:D19) | E20: 5 Divisi Master | F20: =SUM(F15:F19) | G20: =SUM(G15:G19) | H20: =IF(G20>0,"TOTAL SURPLUS",IF(G20<0,"TOTAL DEFISIT","SEIMBANG")) | I20: =SUM(I15:I19) | J20: =SUM(J15:J19) | K20: =SUM(K15:K19) | L20: Rekap Escrow | M20: =SUM(M15:M19) | N20: =SUM(N15:N19)
B22: * Panduan Finansial: Kolom berlatar kuning (Realisasi Kontrak) dapat Anda sesuaikan. Biaya katering terhubung otomatis ke Tab 'Hitung Katering'. Selisih, status efisiensi, dan dana terbayar escrow terupdate otomatis.

Sheet Direktori Vendor & PIC
A1: DIREKTORI RESMI VENDOR TERKURASI & KONTAK PIC (PAID PLANNER UNLOCKED)
A3: TOTAL VENDOR TERKURASI | D3: VENDOR SUDAH BOOKING | G3: VENDOR DALAM DISKUSI | J3: TOTAL NILAI KONTRAK VENDOR TERPILIH
A4: =COUNTA(C7:C7) | D4: =COUNTIF(L7:L7, "Sudah Booking") | G4: =COUNTIF(L7:L7, "Dalam Diskusi") | J4: =SUMIF(L7:L7, "Sudah Booking", K7:K7)
A6: No. | B6: Kategori | C6: Nama Vendor Resmi | D6: Kota | E6: Rating | F6: Event Selesai | G6: Nama PIC | H6: Kontak WhatsApp PIC | I6: Paket Utama | J6: Kapasitas Pax | K6: Harga Paket (Rp) | L6: Status Tindak Lanjut | M6: Estimasi Biaya/Pax | N6: Catatan Negosiasi & Termin
A7: 1 | B7: Corporate Gathering & Gala | C7: Nusa Event Organizer | D7: Jakarta | E7: 5 | F7: 0 | G7: PIC Contoh | H7: 081234567890 | I7: Paket Gala Dinner 300 Pax | J7: 300 | K7: 90000000 | L7: Sudah Booking | M7: =IF(J7>0, ROUND(K7/J7, 0), 0) | N7: Negosiasi paket bonus & jadwal loading

Sheet Jadwal & Rundown
A1: JADWAL PERSIAPAN & ACARA HARI-H
A3: HITUNG MUNDUR (HARI LAGI) | C3: TOTAL YANG HARUS DIKERJAKAN | E3: SUDAH SELESAI | G3: SEDANG DIKERJAKAN | I3: PERSEN SIAP (%)
A5: ='Budget & Bayar'!B9-TODAY() | C5: =COUNTA(C10:C14)+COUNTA(C20:C23)+COUNTA(C29:C32) | E5: =COUNTIF(E10:E14,"Selesai")+COUNTIF(E20:E23,"Selesai")+COUNTIF(E29:E32,"Selesai") | G5: =COUNTIF(E10:E14,"Dalam Proses")+COUNTIF(E20:E23,"Dalam Proses")+COUNTIF(E29:E32,"Dalam Proses") | I5: =E5/C5
A8: 1. YANG HARUS SELESAI TIAP BULAN (6-2 BULAN SEBELUM ACARA)
A9: Periode Target | B9: Batas Waktu | C9: Sasaran Utama & Deliverables | D9: Penanggung Jawab | E9: Status Target | F9: Catatan Verifikasi
A10: Bulan: H-6 | B10: 6 Bulan Sebelum | C10: Tentukan budget & lihat vendor — Tentukan budget maksimal, perkiraan tamu, dan lihat vendor untuk Corporate Gathering & Gala. | D10: Kamu & tim | E10: Selesai | F10: Tentukan budget & lihat vendor
A11: Bulan: H-5 | B11: 5 Bulan Sebelum | C11: Kunci gedung & pesan konsumsi — Kunci tanggal gedung & pesan konsumsi (bayar uang muka 30% yang ditahan aman). | D11: Kamu & vendor | E11: Selesai | F11: Kunci gedung & pesan konsumsi
A12: Bulan: H-4 | B12: 4 Bulan Sebelum | C12: Pesan dekorasi & dokumentasi — Tentukan tema, dekorasi panggung, dan tim foto/video. | D12: Kamu & EO | E12: Dalam Proses | F12: Pesan dekorasi & dokumentasi
A13: Bulan: H-3 | B13: 3 Bulan Sebelum | C13: Siapkan pengisi acara & MC — Pilih MC, pengisi acara/hiburan, dan susun daftar tamu. | D13: EO & MC | E13: Belum Mulai | F13: Siapkan pengisi acara & MC
A14: Bulan: H-2 | B14: 2 Bulan Sebelum | C14: Sebar undangan & bentuk panitia — Kirim undangan fisik + online, pesan souvenir, bentuk panitia. | D14: Panitia & EO | E14: Belum Mulai | F14: Sebar undangan & bentuk panitia
A18: 2. YANG HARUS SELESAI TIAP MINGGU (4 MINGGU TERAKHIR)
A19: Minggu Ke- | B19: Fokus Koordinasi | C19: Sasaran Utama & Deliverables | D19: PIC Vendor / Panitia | E19: Status Target | F19: Catatan Verifikasi
A20: Minggu: W-4 | B20: Ketemu semua vendor di gedung | C20: Samakan layout panggung, listrik, dan alur acara. | D20: EO & semua vendor | E20: Belum Mulai | F20: Ketemu semua vendor di gedung
A21: Minggu: W-3 | B21: Sebar undangan & catat yang datang | C21: Hitung tamu yang pasti datang untuk pesan konsumsi. | D21: Kamu & tim | E21: Belum Mulai | F21: Sebar undangan & catat yang datang
A22: Minggu: W-2 | B22: Kunci jumlah konsumsi & cetak materi | C22: Kunci porsi (+ 10% cadangan), cetak backdrop, ID card, souvenir. | D22: Vendor & EO | E22: Belum Mulai | F22: Kunci jumlah konsumsi & cetak materi
A23: Minggu: W-1 | B23: Kunci jadwal hari-H & izin gedung | C23: Kunci susunan acara bareng MC, urus izin dan parkir. | D23: EO, MC & keamanan | E23: Belum Mulai | F23: Kunci jadwal hari-H & izin gedung
A27: 3. YANG HARUS SELESAI TIAP HARI (7-1 HARI SEBELUM ACARA)
A28: Hari Countdown | B28: Waktu Pelaksanaan | C28: Aksi Operasional & Pengecekan | D28: Penanggung Jawab | E28: Status Target | F28: Catatan Verifikasi
A29: Hari: H-7 | B29: 7 Hari Sebelum | C29: Cek kesiapan semua vendor — Pastikan jam datang barang dan personil. | D29: Ketua EO & vendor | E29: Belum Mulai | F29: Cek kesiapan semua vendor
A30: Hari: H-3 | B30: 3 Hari Sebelum | C30: Cek daftar tamu VIP & tempat duduk — Cetak daftar tamu VIP dan denah kursi/meja. | D30: EO & panitia | E30: Belum Mulai | F30: Cek daftar tamu VIP & tempat duduk
A31: Hari: H-2 | B31: 2 Hari Sebelum | C31: Latihan di gedung & tes suara — Latihan alur acara, tes mic, lampu, dan presentasi. | D31: MC, EO & audio | E31: Belum Mulai | F31: Latihan di gedung & tes suara
A32: Hari: H-1 | B32: 1 Hari Sebelum | C32: Masukkan dekorasi & briefing — Pasang dekorasi/panggung, briefing panitia malam hari. | D32: EO & teknisi | E32: Belum Mulai | F32: Masukkan dekorasi & briefing
A36: 4. JADWAL LENGKAP HARI-H (8 ACARA DARI PAGI SAMPAI SORE)
A37: No | B37: Waktu (WIB) | C37: Durasi | D37: Fase Acara | E37: Agenda / Sesi Acara Detail | F37: Lokasi | G37: PIC Utama | H37: Cue Audio & Wardrobe | I37: Catatan Teknis & SOP Lapangan | J37: Status Sesi
A38: 1 | B38: 07.00 - 08.00 | C38: 60 Mnt | D38: Siap-siap & pasang alat | E38: Vendor masuk, pasang panggung, suara & lampu | F38: Gedung acara | G38: Tim EO & vendor | H38: Tes mic & musik latar | Kaos panitia & ID card | I38: Pastikan kabel aman, panggung dan backdrop berdiri kokoh. | J38: Belum Mulai
A39: 2 | B39: 08.00 - 08.30 | C39: 30 Mnt | D39: Siap-siap & pasang alat | E39: Briefing panitia & tes akhir | F39: Depan panggung | G39: Ketua EO & MC | H39: Tes mic MC 1-2 | Seragam panitia | I39: Bagi tugas, samakan frekuensi HT, bagi jadwal cetak. | J39: Belum Mulai
A40: 3 | B40: 08.30 - 09.00 | C40: 30 Mnt | D40: Tamu datang | E40: Pintu dibuka, tamu registrasi & sambutan | F40: Pintu masuk & meja tamu | G40: Panitia tamu | H40: Musik sambutan | Batik panitia | I40: Siapkan buku tamu/tablet, souvenir, dan minuman selamat datang. | J40: Belum Mulai
A41: 4 | B41: 09.00 - 09.15 | C41: 15 Mnt | D41: Acara dibuka | E41: MC buka acara & sambutan tuan rumah | F41: Panggung utama | G41: MC & tuan rumah | H41: Musik pembuka | Pakaian formal | I41: Sapa tamu, jelaskan susunan acara hari ini. | J41: Belum Mulai
A42: 5 | B42: 09.15 - 11.00 | C42: 105 Mnt | D42: Acara inti | E42: Sesi utama (materi / sambutan / potong kue / games) | F42: Panggung utama | G42: MC & pengisi acara | H42: Slide + mic pembicara | - | I42: Sesuaikan dengan jenismu: seminar, ultah, gathering, atau pameran. | J42: Belum Mulai
A43: 6 | B43: 11.00 - 12.00 | C43: 60 Mnt | D43: Istirahat & makan | E43: Ishoma / makan bersama & hiburan | F43: Area konsumsi & panggung | G43: Katering & MC | H43: Musik santai / akustik | - | I43: Buka prasmanan/stall, cek pemanas makanan dan antrean. | J43: Belum Mulai
A44: 7 | B44: 12.00 - 13.00 | C44: 60 Mnt | D44: Acara lanjut | E44: Sesi kedua + foto bersama & doorprize | F44: Panggung utama | G44: MC & fotografer | H44: Musik seru | - | I44: Bagi doorprize, foto per kelompok biar tertib. | J44: Belum Mulai
A45: 8 | B45: 13.00 - 14.00 | C45: 60 Mnt | D45: Penutupan & beres-beres | E45: MC tutup acara, tamu pulang, bongkar alat | F45: Gedung & parkir | G45: EO & semua vendor | H45: - | Kaos bongkar | I45: Amankan kotak amal/doorprize sisa, bongkar alat, serah terima gedung. | J45: Belum Mulai

Sheet Hitung Katering
A1: HITUNG KEBUTUHAN MAKAN & BIAYA KATERING
A2: LEGENDA: | B2: KOLOM KUNING = INPUT EDITABLE | D2: KOLOM HIJAU = HASIL KALKULASI OTOMATIS
A4: 1. PARAMETER PERHITUNGAN TAMU (SIMULATOR KEHADIRAN):
A5: Jumlah Undangan Fisik (Lembar) | B5: 120 | C5: Ubah sesuai jumlah cetak fisik
A6: Estimasi Tamu per Undangan Fisik | B6: 2 | C6: Standar rata-rata kehadiran: 2 orang per undangan
A7: Jumlah Undangan Digital / Broadcast | B7: 60 | C7: Ubah sesuai daftar broadcast digital
A8: Estimasi Kehadiran per Undangan Digital | B8: 1.5 | C8: Standar rata-rata kehadiran e-invitation: 1.5 orang
A9: Subtotal Estimasi Tamu Undangan (Pax) | B9: =(B5*B6)+(B7*B8) | C9: Kalkulasi otomatis proyeksi tamu hadir
A10: Buffer Panitia, Kru Vendor & Keluarga (%) | B10: 0.1 | C10: Standar aman WO: 10% dari tamu hadir
A11: Porsi Tambahan Cadangan & Panitia (Pax) | B11: =ROUND(B9*B10, 0) | C11: Kalkulasi otomatis porsi buffer cadangan
A12: TOTAL ESTIMASI KEBUTUHAN PORSI BERSIH (PAX) | B12: =B9+B11 | C12: Basis utama pemesanan paket katering ke vendor
A14: 2. DISTRIBUSI ALOKASI PORSI MENU MAKANAN (STANDAR INDUSTRI WEDDING):
A15: Komponen Jamuan | B15: Rasio Formula Standar | C15: Jumlah Porsi Dianjurkan | D15: Satuan | E15: Keterangan Distribusi
A16: Menu Buffet Utama (Prasmanan) | B16: 0.6 | C16: =ROUND($B$12*B16, 0) | D16: Porsi | E16: 6 menu utama lauk pauk, nasi, sup & dessert
A17: Food Stalls / Gubukan (Variasi Menu) | B17: 0.4 | C17: =ROUND($B$12*B17*4, 0) | D17: Porsi Stall | E17: Rekomendasi 4 porsi gubukan per tamu (Sate, Zuppa, Siomay, Es Krim)
A18: Porsi Meja Khusus VIP & Keluarga Inti | B18: 0.1 | C18: =ROUND($B$12*B18, 0) | D18: Porsi VIP | E18: Disajikan khusus di ruang transit keluarga & meja tamu VIP
A19: Konsumsi Box Kru & Vendor Standby | B19: 0.05 | C19: =ROUND($B$12*B19, 0) | D19: Box Konsumsi | E19: Disiapkan box makanan praktis sebelum acara dimulai
A21: 3. ESTIMASI FASILITAS & LOGISTIK TAMU (FORMULA WO):
A22: Item Fasilitas Tamu | B22: Formula Kebutuhan | C22: Satuan | D22: Keterangan Logistik
A23: Kebutuhan Air Mineral & Minuman Tamu | B23: =ROUND($B$12*1.5, 0) | C23: Gelas / Botol | D23: Rata-rata konsumsi minuman 1.5 cup per orang
A24: Kebutuhan Meja Bundar VIP (10 Pax) | B24: =ROUNDUP($B$12*0.15/10, 0) | C24: Unit Meja | D24: Untuk alokasi 15% tamu duduk di meja VIP
A25: Estimasi Kursi Duduk (Standing Party 70%) | B25: =ROUNDUP($B$12*0.70, 0) | C25: Unit Kursi | D25: Kebutuhan kursi ballroom dengan rasio flow 70%
A26: Estimasi Kapasitas Parkir Kendaraan Tamu | B26: =ROUNDUP($B$12*0.35, 0) | C26: Slot Mobil | D26: Asumsi 1 mobil berisi 2.5 - 3 orang tamu
A28: 4. SIMULASI ANGGARAN KATERING OTOMATIS:
A29: Item Simulasi | B29: Nilai / Formula | C29: Satuan | D29: Keterangan
A30: Estimasi Harga Paket Prasmanan per Pax | B30: 95000 | C30: Rp / Pax | D30: Ubah sesuai penawaran vendor katering
A31: Estimasi Harga Rata-rata Stall per Porsi | B31: 25000 | C31: Rp / Porsi | D31: Ubah sesuai variasi gubukan
A32: Subtotal Biaya Prasmanan (Buffet) | B32: =C16*B30 | C32: Rp | D32: Porsi Buffet x Harga per Pax
A33: Subtotal Biaya Food Stalls (Gubukan) | B33: =C17*B31 | C33: Rp | D33: Porsi Stall x Harga per Porsi
A34: TOTAL BIAYA MAKAN | B34: =SUM(B32:B33) | C34: Rp | D34: Total proyeksi belanja katering
A35: BIAYA MAKAN PER TAMU | B35: =ROUND(B34/$B$12, 0) | C35: Rp / Tamu | D35: Rasio biaya makanan per orang
A37: 5. KALAU TAMU LEBIH SEDIKIT / LEBIH BANYAK (3 CONTOH):
A38: Skenario Kehadiran | B38: Faktor Multiplier | C38: Proyeksi Tamu (Pax) | D38: Estimasi Total Biaya Katering (Rp) | E38: Dampak Anggaran
A39: Kalau tamu sedikit (80% datang) | B39: 0.8 | C39: =ROUND($B$12*B39, 0) | D39: =ROUND(B34*B39, 0) | E39: Hemat 20% biaya katering
A40: Perkiraan normal (100% datang) | B40: 1 | C40: =$B$12 | D40: =B34 | E40: Sesuai kalkulasi awal
A41: Kalau tamu membludak (120% datang) | B41: 1.2 | C41: =ROUND($B$12*B41, 0) | D41: =ROUND(B34*B41, 0) | E41: Perlu alokasi buffer dana darurat +20%

Sheet Daftar Barang
A1: DAFTAR BARANG YANG HARUS DISIAPKAN UNTUK HARI-H
A3: TOTAL BARANG | C3: BARANG SUDAH SIAP | E3: BARANG BELUM SIAP | G3: PERSEN BARANG SIAP (%)
A4: =COUNTA(C7:C14) | C4: =COUNTIF(F7:F14, "Siap") | E4: =COUNTIF(F7:F14, "Belum Siap") | G4: =C4/A4
A6: No. | B6: Kategori Logistik | C6: Nama Item Perlengkapan | D6: Penanggung Jawab (PIC) | E6: Kuantitas / Jumlah | F6: Status Kesiapan | G6: Lokasi Penyimpanan | H6: Catatan Khusus
A7: 1 | B7: Dokumen & Uang | C7: Izin gedung & surat-surat acara | D7: Ketua panitia & EO | E7: 1 Set | F7: Siap | G7: Tas dokumen | H7: Wajib dibawa
A8: 2 | B8: Dokumen & Uang | C8: Amplop honor vendor hari-H | D8: Bendahara | E8: 5 Amplop | F8: Belum Siap | G8: Tas bendahara | H8: Diberikan setelah beres
A9: 3 | B9: Tamu | C9: Buku tamu / tablet registrasi | D9: Panitia tamu | E9: 2 Buku / 1 Tablet | F9: Siap | G9: Meja tamu | H9: Cek charger
A10: 4 | B10: Tamu | C10: Souvenir & paperbag (255 pcs) | D10: Tim souvenir | E10: 255 Pcs | F10: Dalam Proses | G10: Gudang gedung | H10: Pisahkan untuk VIP
A11: 5 | B11: Teknis | C11: Materi presentasi & video di flashdisk | D11: Operator | E11: 2 Flashdisk | F11: Siap | G11: Meja operator | H11: Format MP4/PPT, sudah dites
A12: 6 | B12: Teknis | C12: Jadwal acara cetak (10 rangkap) | D12: EO lapangan | E12: 10 Rangkap | F12: Siap | G12: Ruang panitia | H12: Dibagikan saat briefing
A13: 7 | B13: Teknis | C13: Mic cadangan + baterai baru | D13: Teknisi suara | E13: 4 Baterai | F13: Siap | G13: Meja suara | H13: Baterai baru segel
A14: 8 | B14: Teknis | C14: HT panitia & P3K | D14: Keamanan & medis | E14: 4 HT + 1 P3K | F14: Siap | G14: Pos panitia | H14: Frekuensi disamakan

Sheet Tabungan
A1: TABUNGAN ACARA — TARGET, TERKUMPUL & RIWAYAT SETORAN
A2: KUNING = ketik sendiri | B2: Ketik target & setoran di kolom kuning | D2: Kolom hijau = total otomatis, jangan diubah
A3: TARGET TABUNGAN | C3: SUDAH TERKUMPUL | E3: TERKUMPUL (%)
A4: 150000000 | C4: =C19 | E4: =IF(A4=0,0,C4/A4)
A6: Nama tabungan | B6: Tabungan Gala Dinner
A7: Target tanggal | B7: 2026-11-01
A8: Sisa yang belum terkumpul | B8: =A4-C4
A10: RIWAYAT SETORAN — ketik setoran baru di baris kuning kosong
A11: No. | B11: Tanggal | C11: Jumlah (Rp) | D11: Catatan | E11: Cara Bayar
A12: 1 | B12: 10 Sep 2026 | C12: 18750000 | D12: Setoran 1 | E12: Virtual Account (Escrow Vault)
A13: 2 | B13: 10 Sep 2026 | C13: 18750000 | D13: Setoran 2 | E13: Virtual Account (Escrow Vault)
A14: 3
A15: 4
A16: 5
A17: 6
A18: 7
B19: TOTAL OTOMATIS | C19: =SUM(C12:C18)
